Nome do Fundo,CDI
Fundo Alpha,0.6963313262736539
Fundo Beta,0.2725490196078431
Fundo Gama,-0.21048085105428457
